{"metadata":{"asset_id":"f4929a45-b139-4b94-ac14-47f86a39b49e","asset_attributes":["data_asset","directory_asset","location_definition"],"name":"final_course_catalog.csv","asset_type":"data_asset","created_at":"2025-08-03T16:37:57Z","origin_country":"us","owner_id":"IBMid-697001198C","project_id":"243aa40a-f9d6-41db-96d2-8855e88748a7","size":2895,"usage":{"last_update_time":1754239077003,"last_updated_at":"2025-08-03T16:37:57Z"}},"entity":{"data_asset":{"mime_type":"text/csv","dataset":false},"directory_asset":{"path":""},"location_definition":{"physical_location_code_assignment_method":"INFERRED","physical_location_code":"DAL","physical_location_code_assigned_by":"IBMid-697001198C","physical_location_code_added_on":"1754230337091","physical_location_code_rds_version":"00002025-0803-4101-8249-358853000000_5","physical_location_code_rds_id":"c57cb90f-2126-3800-9c9f-9eab82021cdf"}},"attachments":[{"id":"e17546b5-5821-4d02-a6bc-f502205c654f","version":2,"asset_type":"data_asset","name":"final_course_catalog.csv","mime":"text/csv","datasource_type":"193a97c1-4475-4a19-b90c-295c4fdc6517","object_key":"final_course_catalog.csv","creator_id":"IBMid-697001198C","create_time":1754239077558,"size":2895,"is_remote":false,"is_managed":false,"is_referenced":true,"is_object_key_read_only":true,"is_user_provided_path_key":true,"transfer_complete":true,"is_partitioned":false,"complete_time_ticks":1754239077558,"user_data":{},"test_doc":0,"handle":{"bucket":"studentroadmap-donotdelete-pr-hcnjfpeorthokl","location":"us-south","type":"bluemix_cos","key":"final_course_catalog.csv","upload_id":"done","max_part_num":1},"usage":{"access_count":0,"last_accessor_id":"IBMid-697001198C","last_access_time":1754239077558}}]}
