{"metadata":{"asset_id":"09175ea4-4f14-47e2-9f98-486625cc73ca","asset_attributes":["notebook","location_definition"],"name":"LearnMate_Course_Recommender","asset_type":"notebook","created_at":"2025-08-03T14:12:39Z","description":"","origin_country":"us","owner_id":"IBMid-697001198C","project_id":"243aa40a-f9d6-41db-96d2-8855e88748a7","size":6243,"tags":["notebook"],"usage":{"last_update_time":1754239772488,"last_updated_at":"2025-08-03T16:49:32Z"}},"entity":{"notebook":{"kernel":{"name":"python3","display_name":"Python 3.11","language":"python"},"originates_from":{"type":"blank"},"runtime":{"environment":"rt241pys2-243aa40a-f9d6-41db-96d2-8855e88748a7"}},"location_definition":{"physical_location_code":"DAL","physical_location_code_assigned_by":"IBMid-697001198C","physical_location_code_rds_id":"c57cb90f-2126-3800-9c9f-9eab82021cdf","physical_location_code_rds_version":"00002025-0803-4101-8249-358853000000_5","physical_location_code_assignment_method":"INFERRED","physical_location_code_added_on":"1754230337091"}},"attachments":[{"id":"9b76858d-c23e-469a-b56b-9c98bbc93ed2","version":2,"asset_type":"notebook","name":"attachment for notebook 09175ea4-4f14-47e2-9f98-486625cc73ca","description":"attachment for notebook 09175ea4-4f14-47e2-9f98-486625cc73ca","mime":"application/json","datasource_type":"193a97c1-4475-4a19-b90c-295c4fdc6517","object_key":"notebook/LearnMate_Course_Recommender_7OWVEbD72.ipynb","creator_id":"IBMid-697001198C","create_time":1754230360088,"size":6243,"is_remote":false,"is_managed":false,"is_referenced":true,"is_object_key_read_only":false,"is_user_provided_path_key":true,"transfer_complete":true,"is_partitioned":false,"complete_time_ticks":1754230360088,"user_data":{},"test_doc":0,"handle":{"bucket":"studentroadmap-donotdelete-pr-hcnjfpeorthokl","location":"us-south","type":"bluemix_cos","key":"notebook/LearnMate_Course_Recommender_7OWVEbD72.ipynb","upload_id":"done","max_part_num":1},"usage":{"access_count":17,"last_accessor_id":"IBMid-697001198C","last_access_time":1754239772486,"last_updater_id":"IBMid-697001198C","last_update_time":1754239772486}}]}
