Course ID,Course Name,Category,Level,Duration (hours),Provider,Tags,Reference Book,Course Link
CS101,Introduction to Computer Science,Computer Science,Beginner,20,Coursera,"fundamentals,logic,programming",Computer Science: An Overview by J. Glenn Brookshear,https://www.coursera.org/learn/cs101
DS201,Data Science with Python,Data Science,Intermediate,40,edX,"python,pandas,ml",Python for Data Analysis by Wes McKinney,https://www.edx.org/course/data-science-python
ML301,Machine Learning Advanced,AI & ML,Advanced,50,Udemy,"supervised,unsupervised,deep learning",Pattern Recognition and Machine Learning by Christopher Bishop,https://www.udemy.com/course/machinelearning/
FS101,Full Stack Web Development,Web Development,Intermediate,60,freeCodeCamp,"frontend,backend,html,css,javascript,nodejs,react",Full Stack Development with MERN by Shama Hoque,https://www.freecodecamp.org/learn
CY201,Cybersecurity Essentials,Cyber Security,Beginner,35,Cisco Networking Academy,"network,security,firewall,encryption,cybersecurity",Cybersecurity Essentials by Charles Brooks,https://www.netacad.com/courses/cybersecurity/essentials
CC301,Cloud Computing Fundamentals,Cloud Computing,Beginner,30,IBM Cloud,"cloud,virtualization,aws,azure,gcp","Cloud Computing: Concepts, Technology & Architecture by Thomas Erl",https://cognitiveclass.ai/courses/cloud-computing
CS401,Computer Science Foundations (PDF Companion),Computer Science,All Levels,45,roadmap.sh,"cs fundamentals,data structures,algorithms,system design",Companion PDF: Computer Science Roadmap,https://roadmap.sh/computer-science
DS401,Distributed Systems Concepts,Distributed Systems,Advanced,50,MIT OpenCourseWare,"distributed systems,consensus,replication,scalability",Designing Data-Intensive Applications by Martin Kleppmann,https://ocw.mit.edu/courses/6-824-distributed-computer-systems-spring-2006/
DS301,Applied Data Science,Data Science,Intermediate,45,IBM,"data science,python,pandas,ml,data analysis",Practical Statistics for Data Scientists by Peter Bruce,https://cognitiveclass.ai/courses/data-science-hands-open-source-tools-2
PL101,C Programming Basics,Programming,Beginner,25,Udemy,"c language,procedural,low-level",The C Programming Language by Kernighan & Ritchie,https://www.udemy.com/course/c-programming-for-beginners/
PL102,Learn C++ from Scratch,Programming,Beginner,30,Coursera,"c++,oop,classes,inheritance",Programming: Principles and Practice Using C++ by Bjarne Stroustrup,https://www.coursera.org/learn/c-plus-plus
PL103,Python Programming Masterclass,Programming,Beginner,35,Udemy,"python,functions,loops,data structures",Automate the Boring Stuff with Python by Al Sweigart,https://www.udemy.com/course/python-the-complete-python-developer-course/
PL104,Java Programming for Beginners,Programming,Beginner,40,edX,"java,oop,syntax,collections,exceptions",Effective Java by Joshua Bloch,https://www.edx.org/learn/java
